,World Happiness Rank,Country,World Happiness Score,GDP per capita,Social support,Healthy life expectancy,Freedom to make life choices,Generosity,Perceptions of corruption,Women's Peace & Prosperity Rank,Women's Peace & Prosperity Score,LGBTQ Rights Rank,LGBTQ Country,LGBTQ Rights Score,LGBTQ Rights Grade,Climate zone,Total GDP in mil USD,Agricultural percent,Industrial percent,Service percent,Agricultural in mil USD,Industrial  in mil USD,Service in mil USD,Main Sector,LGBTQ_norm,WPS_norm,Freedom_norm,GDP_norm,WH_norm,Climate description,Climate type,Women's Peace and Prosperity Grade,Happiness Grade
0,1,Finland,7.769,1.34,1.587,0.986,0.596,0.153,0.393,2.0,0.909,22.0,Finland,11.0,A,DFC,"244,900",0.027000000000000003,0.282,0.691,"6,612","69,062","169,226",Service,1.0,0.9798136645962733,0.9445324881141045,0.7957244655581949,1.0,"Subartic, severe winter, no dry season, cool summer",Cold,A,A
1,2,Denmark,7.6,1.383,1.573,0.996,0.592,0.252,0.41,4.0,0.903,8.0,Denmark,11.0,A,CFB,"287,800",0.013000000000000001,0.22899999999999998,0.758,"3,741","65,906","218,152",Service,1.0,0.9704968944099379,0.9381933438985737,0.8212589073634204,0.9656224572823433,,,A,A
2,3,Norway,7.554,1.488,1.582,1.028,0.603,0.271,0.341,1.0,0.922,5.0,Norway,10.0,A,DFC,"381,200",0.023,0.337,0.64,"8,768","128,464","243,968",Service,0.9,1.0,0.9556259904912836,0.8836104513064134,0.9562652563059398,"Subartic, severe winter, no dry season, cool summer",Cold,A,A
3,4,Iceland,7.494,1.38,1.624,1.026,0.591,0.354,0.118,3.0,0.907,12.0,Iceland,11.0,A,ET,"18,180",0.057999999999999996,0.19699999999999998,0.746,"1,054","3,581","13,562",Service,1.0,0.9767080745341614,0.9366085578446909,0.8194774346793349,0.944060211554109,Tundra,Cold,A,A
4,5,Netherlands,7.488,1.396,1.522,0.999,0.557,0.322,0.298,10.0,0.885,3.0,Netherlands,10.0,A,CFB,"924,400",0.016,0.179,0.7020000000000001,"14,790","165,468","648,929",Service,0.9,0.9425465838509316,0.8827258320126784,0.828978622327791,0.9428397070789258,,,A,A
5,6,Switzerland,7.48,1.452,1.526,1.052,0.572,0.263,0.343,6.0,0.898,13.0,Switzerland,11.0,A,DFC,"523,100",0.006999999999999999,0.256,0.737,"3,662","133,914","385,525",Service,1.0,0.9627329192546583,0.9064976228209191,0.8622327790973872,0.9412123677786819,"Subartic, severe winter, no dry season, cool summer",Cold,A,A
6,7,Sweden,7.343,1.387,1.487,1.009,0.574,0.267,0.373,7.0,0.895,2.0,Sweden,10.0,A,DFB,"518,000",0.016,0.33,0.654,"8,288","170,940","338,772",Service,0.9,0.9580745341614907,0.9096671949286845,0.8236342042755345,0.9133441822620016,"Humid continental, no dry season, warm summer",Cold,A,A
7,8,New Zealand,7.307,1.303,1.557,1.026,0.585,0.33,0.38,13.0,0.873,24.0,New Zealand,11.0,A,CFB,"189,000",0.057,0.215,0.728,"10,773","40,635","137,592",Service,1.0,0.9239130434782608,0.9270998415213946,0.7737529691211401,0.9060211554109032,,,A,A
8,9,Canada,7.278,1.365,1.505,1.039,0.584,0.285,0.308,12.0,0.879,1.0,Canada,10.0,A,DFC,"1,774,000",0.016,0.282,0.7020000000000001,"28,384","500,268","1,245,348",Service,0.9,0.9332298136645962,0.9255150554675118,0.8105700712589073,0.900122050447518,"Subartic, severe winter, no dry season, cool summer",Cold,A,A
9,10,Austria,7.246,1.376,1.475,1.016,0.532,0.244,0.226,8.0,0.891,20.0,Austria,11.0,A,DFB,"441,000",0.013000000000000001,0.284,0.703,"5,733","125,244","310,023",Service,1.0,0.9518633540372671,0.8431061806656102,0.8171021377672208,0.893612693246542,"Humid continental, no dry season, warm summer",Cold,A,B
10,11,Australia,7.228,1.372,1.548,1.036,0.557,0.332,0.29,24.0,0.856,21.0,Australia,11.0,A,BWH,"1,248,000",0.036000000000000004,0.253,0.7120000000000001,"44,928","315,744","888,576",Service,1.0,0.8975155279503104,0.8827258320126784,0.8147268408551069,0.8899511798209926,Subtropical desert,Arid,B,B
11,12,Costa Rica,7.167,1.034,1.441,0.963,0.558,0.144,0.093,47.0,0.781,31.0,Costa Rica,9.0,B,CFB,"83,940",0.055,0.20600000000000002,0.7390000000000001,"4,617","17,292","62,032",Service,0.8,0.781055900621118,0.8843106180665611,0.6140142517814727,0.8775427176566314,,,C,B
12,13,Israel,7.139,1.276,1.455,1.029,0.371,0.261,0.082,27.0,0.844,41.0,Israel,8.0,B,BSH,"317,100",0.024,0.265,0.695,"7,610","84,032","220,385",Service,0.7,0.8788819875776397,0.5879556259904912,0.7577197149643706,0.8718470301057769,Subtropical steppe,Arid,B,B
13,14,Luxembourg,7.09,1.609,1.479,1.012,0.526,0.194,0.316,5.0,0.899,15.0,Luxembourg,11.0,A,CFB,"62,110",0.003,0.128,0.8690000000000001,186,"7,950","53,974",Service,1.0,0.9642857142857143,0.8335974643423139,0.9554631828978623,0.8618795768917819,,,A,B
14,15,United Kingdom,7.054,1.333,1.538,0.996,0.45,0.348,0.278,9.0,0.888,10.0,United Kingdom,11.0,A,CFB,"2,925,000",0.006999999999999999,0.20199999999999999,0.792,"20,475","590,850","2,316,600",Service,1.0,0.9472049689440993,0.7131537242472267,0.7915676959619953,0.8545565500406835,,,A,B
15,16,Ireland,7.021,1.499,1.553,0.999,0.516,0.298,0.31,19.0,0.867,14.0,Ireland,11.0,A,CFB,"353,300",0.012,0.386,0.602,"4,240","136,374","212,687",Service,1.0,0.9145962732919254,0.8177496038034865,0.890142517814727,0.8478437754271764,,,A,B
16,17,Germany,6.985,1.373,1.454,0.987,0.495,0.261,0.265,11.0,0.88,17.0,Germany,11.0,A,CFB,"4,199,000",0.006999999999999999,0.307,0.6859999999999999,"29,393","1,289,093","2,880,514",Service,1.0,0.9347826086956521,0.7844690966719493,0.8153206650831354,0.840520748576078,,,A,B
17,18,Belgium,6.923,1.356,1.504,0.986,0.473,0.16,0.21,22.0,0.859,9.0,Belgium,11.0,A,CFB,"529,200",0.006999999999999999,0.221,0.772,"3,704","116,953","408,542",Service,1.0,0.9021739130434782,0.7496038034865292,0.805225653206651,0.8279088689991864,,,A,B
18,19,United States,6.892,1.433,1.457,0.874,0.454,0.28,0.128,21.0,0.861,25.0,United States,7.0,B,CFA,,,,,,,,,0.6,0.90527950310559,0.7194928684627575,0.8509501187648457,0.8216029292107403,"Humid subtropical, no dry season",Temperate,A,B
19,20,Czech Republic,6.852,1.269,1.487,0.92,0.457,0.046,0.036,31.0,0.83,49.0,Czech Republic,6.0,C,,,,,,,,,,0.5,0.857142857142857,0.7242472266244058,0.753562945368171,0.8134662327095199,,,B,B
20,21,United Arab Emirates,6.825,1.503,1.31,0.825,0.598,0.262,0.182,24.0,0.856,,,,,BWH,"696,000",0.009000000000000001,0.498,0.49200000000000005,"6,264","346,608","342,432",Industrial,,0.8975155279503104,0.94770206022187,0.8925178147268408,0.807973962571196,Subtropical desert,Arid,B,B
21,22,Malta,6.726,1.3,1.52,0.999,0.564,0.375,0.151,37.0,0.815,4.0,Malta,10.0,A,CSA,"19,260",0.011000000000000001,0.102,0.887,212,"1,965","17,084",Service,0.9,0.8338509316770185,0.8938193343898573,0.7719714964370546,0.7878356387306752,"Mediterranean, hot summer",Temperate,B,C
22,23,Mexico,6.595,1.07,1.323,0.861,0.433,0.074,0.073,88.0,0.725,42.0,Mexico,8.0,B,BSK,"2,463,000",0.036000000000000004,0.319,0.645,"88,668","785,697","1,588,635",Service,0.7,0.6940993788819875,0.6862123613312203,0.6353919239904988,0.761187957689178,Mid-latitude steppe,Arid,D,C
23,24,France,6.592,1.324,1.472,1.045,0.436,0.111,0.183,15.0,0.87,11.0,France,11.0,A,CFB,"2,956,000",0.017,0.20199999999999999,0.792,"49,484","633,473","2,377,684",Service,1.0,0.9192546583850931,0.6909667194928685,0.7862232779097388,0.7605777054515865,,,A,C
24,25,Taiwan,6.446,1.368,1.43,0.914,0.351,0.242,0.097,,,48.0,Taiwan,6.0,C,CWB,"1,189,000",0.018000000000000002,0.36,0.621,"21,402","428,040","738,369",Service,0.5,,0.5562599049128367,0.8123515439429929,0.7308787632221316,Temperate highland tropical climate with dry winters,Temperate,F,C
25,26,Chile,6.444,1.159,1.369,0.92,0.357,0.187,0.056,62.0,0.757,18.0,Chile,11.0,A,CSB,"452,100",0.042,0.32799999999999996,0.63,"18,988","148,289","284,823",Service,1.0,0.7437888198757764,0.5657686212361331,0.6882422802850356,0.7304719283970706,"Mediterranean, warm summer",Temperate,C,C
26,27,Guatemala,6.436,0.8,1.269,0.746,0.535,0.175,0.078,115.0,0.664,126.0,Guatemala,5.0,D,AM,"138,100",0.133,0.23399999999999999,0.632,"18,367","32,315","87,279",Service,0.4,0.5993788819875776,0.8478605388272583,0.4750593824228029,0.7288445890968266,Tropical monsoon,Tropical,F,C
27,28,Saudi Arabia,6.375,1.403,1.357,0.795,0.439,0.08,0.132,102.0,0.703,202.0,Saudi Arabia,4.0,F,BWH,"1,775,000",0.026000000000000002,0.442,0.532,"46,150","784,550","944,300",Service,0.3,0.6599378881987576,0.6957210776545166,0.8331353919239906,0.7164361269324653,Subtropical desert,Arid,D,C
28,29,Qatar,6.374,1.684,1.313,0.871,0.555,0.22,0.167,97.0,0.713,187.0,Qatar,4.0,F,BWH,"339,500",0.002,0.503,0.495,679,"170,769","168,053",Industrial,0.3,0.6754658385093166,0.8795562599049129,1.0,0.7162327095199348,Subtropical desert,Arid,D,C
29,30,Spain,6.354,1.286,1.484,1.062,0.362,0.153,0.079,14.0,0.872,,,,,CSA,"1,778,000",0.026000000000000002,0.23199999999999998,0.742,"46,228","412,496","1,319,276",Service,,0.9223602484472049,0.5736925515055468,0.7636579572446557,0.7121643612693246,"Mediterranean, hot summer",Temperate,A,C
30,31,Panama,6.321,1.149,1.442,0.91,0.516,0.109,0.054,83.0,0.733,100.0,Panama,5.0,D,AM,"104,100",0.024,0.157,0.82,"2,498","16,344","85,362",Service,0.4,0.7065217391304347,0.8177496038034865,0.6823040380047506,0.7054515866558176,Tropical monsoon,Tropical,C,C
31,32,Brazil,6.3,1.004,1.439,0.802,0.39,0.099,0.086,80.0,0.734,33.0,Brazil,9.0,B,AW,"3,248,000",0.066,0.207,0.727,"214,368","672,336","2,361,296",Service,0.8,0.7080745341614906,0.618066561014263,0.5961995249406176,0.7011798209926768,Tropical wet and dry or savanna,Tropical,C,C
32,33,Uruguay,6.293,1.124,1.465,0.891,0.523,0.127,0.15,48.0,0.776,19.0,Uruguay,11.0,A,CFA,"78,160",0.062,0.24100000000000002,0.6970000000000001,"4,846","18,837","54,478",Service,1.0,0.7732919254658385,0.8288431061806656,0.6674584323040381,0.6997558991049633,"Humid subtropical, no dry season",Temperate,C,D
33,34,Singapore,6.262,1.572,1.463,1.141,0.556,0.271,0.453,15.0,0.87,83.0,Singapore,3.0,D,AF,"528,100",0.0,0.248,0.752,0,"130,969","397,131",Service,0.2,0.9192546583850931,0.8811410459587956,0.9334916864608077,0.6934499593165173,Tropical rainforest,Tropical,A,D
34,35,El Salvador,6.253,0.794,1.242,0.789,0.43,0.093,0.074,69.0,0.747,96.0,El Salvador,5.0,D,AW,"51,170",0.12,0.27699999999999997,0.603,"6,140","14,174","30,856",Service,0.4,0.7282608695652173,0.6814580031695721,0.47149643705463185,0.6916192026037428,Tropical wet and dry or savanna,Tropical,C,D
35,36,Italy,6.223,1.294,1.488,1.039,0.231,0.158,0.03,28.0,0.842,53.0,Italy,2.0,C,CSA,"2,317,000",0.021,0.239,0.7390000000000001,"48,657","553,763","1,712,263",Service,0.1,0.8757763975155278,0.3660855784469097,0.7684085510688836,0.6855166802278274,"Mediterranean, hot summer",Temperate,B,D
36,37,Bahrain,6.199,1.362,1.368,0.871,0.536,0.255,0.11,97.0,0.713,138.0,Bahrain,4.0,F,BWH,"71,170",0.003,0.39299999999999996,0.604,214,"27,970","42,987",Service,0.3,0.6754658385093166,0.8494453248811411,0.808788598574822,0.6806346623270951,Subtropical desert,Arid,D,D
37,38,Slovakia,6.198,1.246,1.504,0.881,0.334,0.121,0.014,39.0,0.811,47.0,Slovakia,6.0,C,DFB,"179,700",0.038,0.35,0.612,"6,829","62,895","109,976",Service,0.5,0.827639751552795,0.5293185419968305,0.7399049881235155,0.6804312449145646,"Humid continental, no dry season, warm summer",Cold,B,D
38,39,Trinidad & Tobago,6.192,1.231,1.477,0.713,0.489,0.185,0.016,,,,,,,,,,,,,,,,,,0.7749603803486529,0.7309976247030879,0.6792107404393816,,,F,D
39,40,Poland,6.182,1.206,1.438,0.884,0.483,0.117,0.05,29.0,0.84,81.0,Poland,3.0,D,CFB,"1,126,000",0.024,0.402,0.574,"27,024","452,652","646,324",Service,0.2,0.8726708074534161,0.7654516640253566,0.7161520190023754,0.6771765663140765,,,B,D
40,41,Uzbekistan,6.174,0.745,1.529,0.756,0.631,0.322,0.24,74.0,0.741,164.0,Uzbekistan,4.0,F,BWK,"223,000",0.179,0.337,0.485,"39,917","75,151","108,155",Service,0.3,0.7189440993788819,1.0,0.4423990498812352,0.6755492270138324,Mid-latitude desert,Arid,C,D
41,42,Lithuania,6.149,1.238,1.515,0.818,0.291,0.043,0.042,30.0,0.833,60.0,Lithuania,2.0,C,DFB,"91,470",0.035,0.294,0.672,"3,201","26,892","61,468",Service,0.1,0.8618012422360247,0.4611727416798732,0.7351543942992874,0.6704637917005695,"Humid continental, no dry season, warm summer",Cold,B,D
42,43,Colombia,6.125,0.985,1.41,0.841,0.47,0.099,0.034,90.0,0.721,36.0,Colombia,9.0,B,CFB,"711,600",0.07200000000000001,0.308,0.621,"51,235","219,173","441,904",Service,0.8,0.6878881987577639,0.7448494453248811,0.584916864608076,0.6655817737998372,,,D,D
43,44,Slovenia,6.118,1.258,1.523,0.953,0.564,0.144,0.057,15.0,0.87,28.0,Slovenia,7.0,B,CFB,"71,230",0.018000000000000002,0.322,0.659,"1,282","22,936","46,941",Service,0.6,0.9192546583850931,0.8938193343898573,0.7470308788598575,0.6641578519121236,,,A,D
44,45,Nicaragua,6.105,0.694,1.325,0.835,0.435,0.2,0.127,63.0,0.756,58.0,Nicaragua,2.0,C,AM,"36,400",0.155,0.244,0.6,"5,642","8,882","21,840",Service,0.1,0.7422360248447204,0.6893819334389857,0.41211401425178146,0.661513425549227,Tropical monsoon,Tropical,C,D
45,46,Kosovo,6.1,0.882,1.232,0.758,0.489,0.262,0.006,,,45.0,Kosovo,6.0,C,CFB,"19,600",0.11900000000000001,0.177,0.7040000000000001,"2,332","3,469","13,798",Service,0.5,,0.7749603803486529,0.5237529691211401,0.6604963384865743,,,F,D
46,47,Argentina,6.086,1.092,1.432,0.881,0.471,0.066,0.05,49.0,0.774,30.0,Argentina,9.0,B,CFA,"922,100",0.10800000000000001,0.281,0.611,"99,587","259,110","563,403",Service,0.8,0.7701863354037267,0.7464342313787639,0.6484560570071259,0.6576484947111473,"Humid subtropical, no dry season",Temperate,C,D
47,48,Romania,6.07,1.162,1.232,0.825,0.462,0.083,0.005,55.0,0.765,65.0,Romania,1.0,C,DFB,"483,400",0.042,0.332,0.626,"20,303","160,489","302,608",Service,0.0,0.7562111801242236,0.7321711568938194,0.6900237529691211,0.654393816110659,"Humid continental, no dry season, warm summer",Cold,C,D
48,49,Cyprus,6.046,1.263,1.223,1.042,0.406,0.19,0.041,36.0,0.82,46.0,Cyprus,6.0,C,BSH,"31,780",0.02,0.125,0.855,636,"3,973","27,172",Service,0.5,0.841614906832298,0.6434231378763867,0.75,0.6495117982099268,Subtropical steppe,Arid,B,D
49,50,Ecuador,6.028,0.912,1.312,0.868,0.498,0.126,0.087,49.0,0.774,38.0,Ecuador,8.0,B,CFB,"193,000",0.067,0.32899999999999996,0.604,"12,931","63,497","116,572",Service,0.7,0.7701863354037267,0.7892234548335975,0.5415676959619953,0.6458502847843773,,,C,D
50,51,Kuwait,6.021,1.5,1.319,0.808,0.493,0.142,0.097,123.0,0.653,200.0,Kuwait,4.0,F,BWH,"289,700",0.004,0.5870000000000001,0.409,"1,159","170,054","118,487",Industrial,0.3,0.5822981366459627,0.7812995245641838,0.8907363420427554,0.6444263628966639,Subtropical desert,Arid,F,D
51,52,Thailand,6.008,1.05,1.409,0.828,0.557,0.359,0.028,73.0,0.744,62.0,Thailand,1.0,C,AW,"1,236,000",0.08199999999999999,0.36200000000000004,0.556,"101,352","447,432","687,216",Service,0.0,0.7236024844720497,0.8827258320126784,0.6235154394299288,0.6417819365337672,Tropical wet and dry or savanna,Tropical,C,D
52,53,Latvia,5.94,1.187,1.465,0.812,0.264,0.075,0.064,23.0,0.858,75.0,Latvia,,D,DFB,"54,020",0.039,0.22399999999999998,0.737,"2,107","12,100","39,813",Service,,0.9006211180124223,0.41838351822503966,0.7048693586698338,0.6279495524816924,"Humid continental, no dry season, warm summer",Cold,A,D
53,54,South Korea,5.895,1.301,1.219,1.036,0.159,0.175,0.056,33.0,0.827,,,,,DWB,"2,035,000",0.022000000000000002,0.39299999999999996,0.583,"44,770","799,755","1,186,405",Service,,0.8524844720496894,0.2519809825673534,0.7725653206650831,0.6187957689178192,"Humid continental, severe dry winter, warm summer",Cold,B,D
54,54,South Korea,5.895,1.301,1.219,1.036,0.159,0.175,0.056,33.0,0.827,,,,,DWB,"40,000",0.225,0.47600000000000003,0.299,"9,000","19,040","11,960",Industrial,,0.8524844720496894,0.2519809825673534,0.7725653206650831,0.6187957689178192,"Humid continental, severe dry winter, warm summer",Cold,B,D
55,55,Estonia,5.893,1.237,1.528,0.874,0.495,0.103,0.161,20.0,0.863,40.0,Estonia,8.0,B,DFB,"41,650",0.027999999999999997,0.292,0.6809999999999999,"1,166","12,162","28,364",Service,0.7,0.9083850931677018,0.7844690966719493,0.734560570071259,0.6183889340927582,"Humid continental, no dry season, warm summer",Cold,A,D
56,56,Jamaica,5.89,0.831,1.478,0.831,0.49,0.107,0.028,43.0,0.8,161.0,Jamaica,4.0,F,AW,"26,060",0.07,0.21100000000000002,0.7190000000000001,"1,824","5,499","18,737",Service,0.3,0.8105590062111802,0.7765451664025357,0.49346793349168644,0.6177786818551666,Tropical wet and dry or savanna,Tropical,B,D
57,57,Mauritius,5.888,1.12,1.402,0.798,0.498,0.215,0.06,64.0,0.75,119.0,Mauritius,5.0,D,AM,"28,270",0.04,0.218,0.741,"1,131","6,163","20,948",Service,0.4,0.732919254658385,0.7892234548335975,0.6650831353919241,0.6173718470301056,Tropical monsoon,Tropical,C,D
58,58,Japan,5.886,1.327,1.419,1.088,0.445,0.069,0.14,35.0,0.823,73.0,Japan,,D,DFB,"5,443,000",0.011000000000000001,0.301,0.687,"59,873","1,638,343","3,739,341",Service,,0.8462732919254657,0.705229793977813,0.7880047505938242,0.6169650122050447,"Humid continental, no dry season, warm summer",Cold,B,D
59,59,Honduras,5.86,0.642,1.236,0.828,0.507,0.246,0.078,104.0,0.698,90.0,Honduras,3.0,D,AM,"46,300",0.142,0.28800000000000003,0.57,"6,575","13,334","26,391",Service,0.2,0.6521739130434782,0.803486529318542,0.38123515439429934,0.6116761594792514,Tropical monsoon,Tropical,D,D
60,60,Kazakhstan,5.809,1.173,1.508,0.729,0.41,0.146,0.096,59.0,0.761,129.0,Kazakhstan,5.0,D,BSK,"478,600",0.047,0.341,0.612,"22,494","163,203","292,903",Service,0.4,0.75,0.6497622820919176,0.6965558194774347,0.6013018714401952,Mid-latitude steppe,Arid,C,D
61,61,Bolivia,5.779,0.776,1.209,0.706,0.511,0.137,0.064,49.0,0.774,39.0,Bolivia,8.0,B,AW,"83,720",0.138,0.37799999999999995,0.48200000000000004,"11,553","31,646","40,353",Service,0.7,0.7701863354037267,0.8098256735340729,0.4608076009501188,0.5951993490642798,Tropical wet and dry or savanna,Tropical,C,F
62,62,Hungary,5.758,1.201,1.41,0.828,0.199,0.081,0.02,46.0,0.79,67.0,Hungary,1.0,C,CFB,"289,600",0.039,0.313,0.648,"11,294","90,645","187,661",Service,0.0,0.7950310559006211,0.31537242472266247,0.7131828978622329,0.590927583401139,,,C,F
63,63,Paraguay,5.743,0.855,1.475,0.777,0.514,0.184,0.08,77.0,0.737,111.0,Paraguay,5.0,D,AW,"88,910",0.179,0.27699999999999997,0.545,"15,915","24,628","48,456",Service,0.4,0.7127329192546583,0.8145800316957211,0.5077197149643705,0.5878763222131814,Tropical wet and dry or savanna,Tropical,C,F
64,64,Northern Cyprus,5.718,1.263,1.252,1.042,0.417,0.191,0.162,,,,,,,,,,,,,,,,,,0.6608557844690967,0.75,0.5827908868999185,,,F,F
65,65,Peru,5.697,0.96,1.274,0.854,0.455,0.083,0.027,83.0,0.733,43.0,Peru,6.0,C,AF,"430,300",0.076,0.327,0.599,"32,703","140,708","257,750",Service,0.5,0.7065217391304347,0.7210776545166403,0.5700712589073634,0.5785191212367778,Tropical rainforest,Tropical,C,F
66,66,Portugal,5.693,1.221,1.431,0.999,0.508,0.047,0.025,18.0,0.868,6.0,Portugal,10.0,A,CSA,"314,100",0.022000000000000002,0.221,0.757,"6,910","69,416","237,774",Service,0.9,0.9161490683229813,0.8050713153724247,0.7250593824228029,0.5777054515866556,"Mediterranean, hot summer",Temperate,A,F
67,67,Pakistan,5.653,0.677,0.886,0.535,0.313,0.22,0.098,167.0,0.476,151.0,Pakistan,4.0,F,BWH,"1,061,000",0.244,0.191,0.565,"258,884","202,651","599,465",Service,0.3,0.30745341614906824,0.4960380348652932,0.402019002375297,0.5695687550854351,Subtropical desert,Arid,F,F
68,68,Russia,5.648,1.183,1.452,0.726,0.334,0.082,0.031,,,,,,,DFC,,,,,,,,,,,0.5293185419968305,0.7024940617577198,0.5685516680227826,"Subartic, severe winter, no dry season, cool summer",Cold,F,F
69,69,Philippines,5.631,0.807,1.293,0.657,0.558,0.117,0.107,61.0,0.758,94.0,Philippines,3.0,D,AF,"877,200",0.096,0.306,0.598,"84,211","268,423","524,566",Service,0.2,0.7453416149068323,0.8843106180665611,0.4792161520190024,0.565093572009764,Tropical rainforest,Tropical,C,F
70,70,Serbia,5.603,1.004,1.383,0.854,0.282,0.137,0.039,34.0,0.826,52.0,Serbia,2.0,C,CFB,"105,700",0.098,0.41100000000000003,0.491,"10,359","43,443","51,899",Service,0.1,0.8509316770186334,0.44690966719492864,0.5961995249406176,0.5593978844589096,,,B,F
71,71,Moldova,5.529,0.685,1.328,0.739,0.245,0.181,0.0,64.0,0.75,74.0,Moldova,,D,DFB,"23,720",0.177,0.203,0.62,"4,198","4,815","14,706",Service,,0.732919254658385,0.38827258320126784,0.40676959619952496,0.5443449959316516,"Humid continental, no dry season, warm summer",Cold,C,F
72,72,Libya,5.525,1.044,1.303,0.673,0.416,0.133,0.152,150.0,0.596,194.0,Libya,4.0,F,BWH,"61,970",0.013000000000000001,0.523,0.46399999999999997,806,"32,410","28,754",Industrial,0.3,0.49378881987577633,0.6592709984152139,0.6199524940617578,0.5435313262815297,Subtropical desert,Arid,F,F
73,73,Montenegro,5.523,1.051,1.361,0.871,0.197,0.142,0.08,42.0,0.803,54.0,Montenegro,2.0,C,CFB,"11,080",0.075,0.159,0.7659999999999999,831,"1,762","8,487",Service,0.1,0.8152173913043479,0.312202852614897,0.6241092636579573,0.5431244914564686,,,B,F
74,74,Tajikistan,5.467,0.493,1.098,0.718,0.389,0.23,0.144,85.0,0.727,114.0,Tajikistan,5.0,D,DSC,"28,430",0.28600000000000003,0.255,0.45899999999999996,"8,131","7,250","13,049",Service,0.4,0.6972049689440993,0.6164817749603804,0.2927553444180523,0.5317331163547598,"Humid continental, dry warm summer",Cold,D,F
75,75,Croatia,5.432,1.155,1.266,0.914,0.296,0.119,0.022,26.0,0.848,27.0,Croatia,7.0,B,CFB,"102,100",0.037000000000000005,0.262,0.701,"3,778","26,750","71,572",Service,0.6,0.8850931677018633,0.46909667194928684,0.6858669833729216,0.524613506916192,,,B,F
76,76,Hong Kong,5.43,1.438,1.277,1.122,0.44,0.258,0.287,32.0,0.829,86.0,Hong Kong,3.0,D,CWA,"455,900",0.001,0.076,0.9229999999999999,456,"34,648","420,796",Service,0.2,0.8555900621118011,0.6973058637083993,0.8539192399049881,0.5242066720911308,"Humid subtropical, dry winter",Temperate,B,F
77,77,Dominican Republic,5.425,1.015,1.401,0.779,0.497,0.113,0.101,71.0,0.746,,,,,AF,"173,000",0.055999999999999994,0.33,0.614,"9,688","57,090","106,222",Service,,0.7267080745341614,0.7876386687797148,0.6027315914489311,0.5231895850284783,Tropical rainforest,Tropical,C,F
78,78,Bosnia and Herzegovina,5.386,0.945,1.212,0.845,0.212,0.263,0.006,56.0,0.764,63.0,Bosnia and Herzegovina,1.0,C,DFB,"44,830",0.068,0.289,0.643,"3,048","12,956","28,826",Service,0.0,0.7546583850931676,0.3359746434231379,0.5611638954869359,0.5152563059397884,"Humid continental, no dry season, warm summer",Cold,C,F
79,79,Turkey,5.373,1.183,1.36,0.808,0.195,0.083,0.106,106.0,0.693,108.0,Turkey,5.0,D,CSB,"2,186,000",0.068,0.32299999999999995,0.607,"148,648","706,078","1,326,902",Service,0.4,0.6444099378881987,0.3090332805071315,0.7024940617577198,0.5126118795768917,"Mediterranean, warm summer",Temperate,D,F
80,80,Malaysia,5.339,1.221,1.171,0.828,0.508,0.26,0.024,103.0,0.702,196.0,Malaysia,4.0,F,AF,"933,300",0.08800000000000001,0.376,0.536,"82,130","350,921","500,249",Service,0.3,0.6583850931677018,0.8050713153724247,0.7250593824228029,0.5056956875508544,Tropical rainforest,Tropical,D,F
81,81,Belarus,5.323,1.067,1.465,0.789,0.235,0.094,0.142,38.0,0.814,99.0,Belarus,5.0,D,DFB,"179,400",0.081,0.408,0.511,"14,531","73,195","91,673",Service,0.4,0.8322981366459626,0.37242472266244053,0.6336104513064132,0.5024410089503661,"Humid continental, no dry season, warm summer",Cold,B,F
82,82,Greece,5.287,1.181,1.156,0.999,0.067,0.0,0.034,45.0,0.792,35.0,Greece,9.0,B,CSA,"299,300",0.040999999999999995,0.16899999999999998,0.7909999999999999,"12,271","50,582","236,746",Service,0.8,0.7981366459627329,0.10618066561014264,0.7013064133016628,0.4951179820992676,"Mediterranean, hot summer",Temperate,C,F
83,83,Mongolia,5.285,0.948,1.531,0.667,0.317,0.235,0.038,54.0,0.769,70.0,Mongolia,,D,BSK,"39,730",0.121,0.382,0.49700000000000005,"4,807","15,177","19,746",Service,,0.7624223602484471,0.5023771790808241,0.5629453681710214,0.4947111472742066,Mid-latitude steppe,Arid,C,F
84,84,North Macedonia,5.274,0.983,1.294,0.838,0.345,0.185,0.034,44.0,0.798,56.0,North Macedonia,2.0,C,CFB,"31,030",0.109,0.266,0.625,"3,382","8,254","19,394",Service,0.1,0.8074534161490683,0.5467511885895404,0.583729216152019,0.49247355573637097,,,B,F
85,85,Nigeria,5.265,0.696,1.111,0.245,0.426,0.215,0.041,130.0,0.635,201.0,Nigeria,4.0,F,AW,"1,121,000",0.21100000000000002,0.225,0.564,"236,531","252,225","632,244",Service,0.3,0.5543478260869564,0.6751188589540412,0.41330166270783847,0.49064279902359625,Tropical wet and dry or savanna,Tropical,F,F
86,86,Kyrgyzstan,5.261,0.551,1.438,0.723,0.508,0.3,0.023,97.0,0.713,,,,,DFB,"23,150",0.146,0.312,0.542,"3,380","7,223","12,547",Service,,0.6754658385093166,0.8050713153724247,0.3271971496437055,0.48982912937347434,"Humid continental, no dry season, warm summer",Cold,D,F
87,87,Turkmenistan,5.247,1.052,1.538,0.657,0.394,0.244,0.028,60.0,0.76,160.0,Turkmenistan,4.0,F,BSK,"103,700",0.075,0.449,0.47700000000000004,"7,778","46,561","49,465",Service,0.3,0.748447204968944,0.624405705229794,0.6247030878859858,0.4869812855980471,Mid-latitude steppe,Arid,C,F
88,88,Algeria,5.211,1.002,1.16,0.785,0.086,0.073,0.114,141.0,0.616,172.0,Algeria,4.0,F,BWH,"630,000",0.133,0.39299999999999996,0.474,"83,790","247,590","298,620",Service,0.3,0.5248447204968943,0.1362916006339144,0.5950118764845606,0.47965825874694873,Subtropical desert,Arid,F,F
89,89,Morocco,5.208,0.801,0.782,0.782,0.418,0.036,0.076,138.0,0.624,179.0,Morocco,4.0,F,BSH,"298,600",0.14,0.295,0.565,"41,804","88,087","168,709",Service,0.3,0.5372670807453416,0.6624405705229793,0.4756532066508314,0.47904800650935714,Subtropical steppe,Arid,F,F
90,90,Azerbaijan,5.208,1.043,1.147,0.769,0.351,0.035,0.182,132.0,0.63,130.0,Azerbaijan,5.0,D,BSK,"172,200",0.061,0.535,0.40399999999999997,"10,504","92,127","69,569",Industrial,0.4,0.5465838509316769,0.5562599049128367,0.6193586698337292,0.47904800650935714,Mid-latitude steppe,Arid,F,F
91,91,Lebanon,5.197,0.987,1.224,0.815,0.216,0.166,0.027,132.0,0.63,157.0,Lebanon,4.0,F,CSA,"88,250",0.039,0.131,0.83,"3,442","11,561","73,248",Service,0.3,0.5465838509316769,0.34231378763866877,0.586104513064133,0.4768104149715215,"Mediterranean, hot summer",Temperate,F,F
92,92,Indonesia,5.192,0.931,1.203,0.66,0.491,0.498,0.028,100.0,0.707,135.0,Indonesia,4.0,F,AF,"3,250,000",0.13699999999999998,0.41,0.45399999999999996,"445,250","1,332,500","1,475,500",Service,0.3,0.6661490683229813,0.7781299524564184,0.5528503562945368,0.47579332790886897,Tropical rainforest,Tropical,D,F
93,93,China,5.191,1.029,1.125,0.893,0.521,0.058,0.1,89.0,0.722,110.0,China,5.0,D,BSK,"23,210,000",0.079,0.405,0.516,"1,833,590","9,400,050","11,976,360",Service,0.4,0.6894409937888197,0.8256735340729002,0.6110451306413301,0.47558991049633836,Mid-latitude steppe,Arid,D,F
94,94,Vietnam,5.175,0.741,1.346,0.851,0.543,0.147,0.073,,,88.0,Vietnam,3.0,D,CWA,"648,700",0.153,0.33299999999999996,0.513,"99,251","216,017","332,783",Service,0.2,,0.8605388272583202,0.44002375296912116,0.4723352318958502,"Humid subtropical, dry winter",Temperate,F,F
95,95,Bhutan,5.082,0.813,1.321,0.604,0.457,0.37,0.167,129.0,0.642,117.0,Bhutan,5.0,D,CWB,"7,205",0.162,0.418,0.42,"1,167","3,012","3,026",Service,0.4,0.5652173913043478,0.7242472266244058,0.4827790973871734,0.4534174125305125,Temperate highland tropical climate with dry winters,Temperate,F,F
96,96,Cameroon,5.044,0.549,0.91,0.331,0.381,0.187,0.037,126.0,0.648,163.0,Cameroon,4.0,F,AW,"89,540",0.16699999999999998,0.265,0.568,"14,953","23,728","50,859",Service,0.3,0.5745341614906833,0.6038034865293186,0.3260095011876485,0.44568755085435297,Tropical wet and dry or savanna,Tropical,F,F
97,97,Bulgaria,5.011,1.092,1.513,0.815,0.311,0.081,0.004,41.0,0.804,57.0,Bulgaria,2.0,C,DFB,"153,500",0.043,0.28,0.674,"6,601","42,980","103,459",Service,0.1,0.8167701863354038,0.4928684627575277,0.6484560570071259,0.4389747762408462,"Humid continental, no dry season, warm summer",Cold,B,F
98,98,Ghana,4.996,0.611,0.868,0.486,0.381,0.245,0.04,69.0,0.747,158.0,Ghana,4.0,F,AW,"134,000",0.183,0.245,0.5720000000000001,"24,522","32,830","76,648",Service,0.3,0.7282608695652173,0.6038034865293186,0.36282660332541566,0.43592351505288857,Tropical wet and dry or savanna,Tropical,C,F
99,99,Ivory Coast,4.944,0.569,0.808,0.232,0.352,0.154,0.09,,,,,,,,,,,,,,,,,,0.5578446909667194,0.3378859857482185,0.4253458096013018,,,F,F
100,100,Nepal,4.913,0.446,1.226,0.677,0.439,0.285,0.089,95.0,0.714,44.0,Nepal,6.0,C,CWB,"79,190",0.27,0.135,0.595,"21,381","10,691","47,118",Service,0.5,0.6770186335403726,0.6957210776545166,0.2648456057007126,0.41903986981285596,Temperate highland tropical climate with dry winters,Temperate,D,F
101,101,Jordan,4.906,0.837,1.225,0.815,0.383,0.11,0.13,127.0,0.646,139.0,Jordan,4.0,F,CFA,"89,000",0.045,0.28800000000000003,0.6659999999999999,"4,005","25,632","59,274",Service,0.3,0.5714285714285714,0.606973058637084,0.4970308788598575,0.4176159479251423,"Humid subtropical, no dry season",Temperate,F,F
102,102,Benin,4.883,0.393,0.437,0.397,0.349,0.175,0.082,114.0,0.667,122.0,Benin,5.0,D,AW,"25,390",0.261,0.228,0.511,"6,627","5,789","12,974",Service,0.4,0.6040372670807453,0.5530903328050712,0.23337292161520193,0.41293734743694055,Tropical wet and dry or savanna,Tropical,D,F
103,104,Gabon,4.799,1.057,1.183,0.571,0.295,0.043,0.055,140.0,0.623,123.0,Gabon,5.0,D,AW,"36,660",0.05,0.447,0.504,"1,833","16,387","18,477",Service,0.4,0.5357142857142857,0.4675118858954041,0.6276722090261283,0.39585028478437756,Tropical wet and dry or savanna,Tropical,F,F
104,105,Laos,4.796,0.764,1.03,0.551,0.547,0.266,0.164,,,,,,,CWA,"49,340",0.209,0.332,0.45899999999999996,"10,312","16,381","22,647",Service,,,0.866877971473851,0.45368171021377673,0.39524003254678597,"Humid subtropical, dry winter",Temperate,F,F
105,106,South Africa,4.722,0.96,1.351,0.469,0.389,0.13,0.055,66.0,0.748,16.0,South Africa,11.0,A,BWK,"767,200",0.027999999999999997,0.297,0.675,"21,482","227,858","517,860",Service,1.0,0.7298136645962733,0.6164817749603804,0.5700712589073634,0.3801871440195281,Mid-latitude desert,Arid,C,F
106,107,Albania,4.719,0.947,0.848,0.874,0.383,0.178,0.027,58.0,0.762,72.0,Albania,,D,CSB,"36,010",0.217,0.242,0.541,"7,814","8,714","19,481",Service,,0.7515527950310559,0.606973058637084,0.5623515439429929,0.37957689178193654,"Mediterranean, warm summer",Temperate,C,F
107,108,Venezuela,4.707,0.96,1.427,0.805,0.154,0.064,0.047,71.0,0.746,112.0,Venezuela,5.0,D,AM,"381,600",0.047,0.40399999999999997,0.5489999999999999,"17,935","154,166","209,498",Service,0.4,0.7267080745341614,0.24405705229793978,0.5700712589073634,0.3771358828315703,Tropical monsoon,Tropical,C,F
108,109,Cambodia,4.7,0.574,1.122,0.637,0.609,0.232,0.062,93.0,0.719,125.0,Cambodia,5.0,D,AM,"64,210",0.253,0.32799999999999996,0.419,"16,245","21,061","26,904",Service,0.4,0.6847826086956521,0.96513470681458,0.340855106888361,0.3757119609438568,Tropical monsoon,Tropical,D,F
109,110,Palestinian Territories,4.696,0.657,1.247,0.672,0.225,0.103,0.066,,,,,,,,,,,,,,,,,,0.35657686212361334,0.39014251781472686,0.37489829129373464,,,F,F
110,111,Senegal,4.681,0.45,1.134,0.571,0.292,0.153,0.072,120.0,0.655,165.0,Senegal,4.0,F,BSH,"54,800",0.16899999999999998,0.243,0.588,"9,261","13,316","32,222",Service,0.3,0.5854037267080745,0.4627575277337559,0.2672209026128266,0.371847030105777,Subtropical steppe,Arid,F,F
111,112,Somalia,4.668,0.0,0.698,0.268,0.559,0.243,0.27,159.0,0.572,190.0,Somalia,4.0,F,BWH,"20,440",0.602,0.07400000000000001,0.325,"12,305","1,513","6,643",Agricultural,0.3,0.45652173913043465,0.8858954041204438,0.0,0.36920260374288033,Subtropical desert,Arid,F,F
112,113,Namibia,4.639,0.879,1.313,0.477,0.401,0.07,0.056,95.0,0.714,97.0,Namibia,5.0,D,BWH,"26,600",0.067,0.263,0.67,"1,782","6,996","17,822",Service,0.4,0.6770186335403726,0.6354992076069731,0.5219714964370546,0.3633034987794955,Subtropical desert,Arid,D,F
113,114,Niger,4.628,0.138,0.774,0.366,0.318,0.188,0.102,152.0,0.594,120.0,Niger,5.0,D,BWH,"21,860",0.41600000000000004,0.195,0.387,"9,094","4,263","8,460",Agricultural,0.4,0.4906832298136645,0.5039619651347068,0.0819477434679335,0.3610659072416598,Subtropical desert,Arid,F,F
114,115,Burkina Faso,4.587,0.331,1.056,0.38,0.255,0.177,0.113,136.0,0.627,98.0,Burkina Faso,5.0,D,BSH,"35,850",0.31,0.239,0.449,"11,114","8,568","16,097",Service,0.4,0.5419254658385093,0.4041204437400951,0.1965558194774347,0.35272579332790877,Subtropical steppe,Arid,F,F
115,116,Armenia,4.559,0.85,1.055,0.815,0.283,0.095,0.064,85.0,0.727,91.0,Armenia,3.0,D,DFB,"28,340",0.16699999999999998,0.282,0.5479999999999999,"4,733","7,992","15,530",Service,0.2,0.6972049689440993,0.4484944532488114,0.504750593824228,0.3470301057770545,"Humid continental, no dry season, warm summer",Cold,D,F
116,117,Iran,4.548,1.1,0.842,0.785,0.305,0.27,0.125,125.0,0.649,183.0,Iran,4.0,F,BWK,"1,640,000",0.096,0.353,0.55,"157,440","578,920","902,000",Service,0.3,0.5760869565217391,0.48335974643423135,0.653206650831354,0.3447925142392188,Mid-latitude desert,Arid,F,F
117,118,Guinea,4.534,0.38,0.829,0.375,0.332,0.207,0.086,146.0,0.602,159.0,Guinea,4.0,F,AW,"27,970",0.198,0.321,0.48100000000000004,"5,538","8,978","13,454",Service,0.3,0.5031055900621118,0.526148969889065,0.22565320665083136,0.3419446704637916,Tropical wet and dry or savanna,Tropical,F,F
118,119,Georgia,4.519,0.886,0.666,0.752,0.346,0.043,0.164,40.0,0.808,59.0,Georgia,2.0,C,CFA,"39,850",0.08199999999999999,0.237,0.679,"3,268","9,444","27,058",Service,0.1,0.8229813664596274,0.5483359746434231,0.5261282660332541,0.33889340927583395,"Humid subtropical, no dry season",Temperate,B,F
119,120,Gambia,4.516,0.308,0.939,0.428,0.382,0.269,0.167,148.0,0.597,189.0,Gambia,4.0,F,,"5,556",0.204,0.142,0.654,"1,133",789,"3,634",Service,0.3,0.4953416149068322,0.6053882725832013,0.1828978622327791,0.3382831570382424,,,F,F
120,121,Kenya,4.509,0.512,0.983,0.581,0.431,0.372,0.053,90.0,0.721,162.0,Kenya,4.0,F,AW,"163,700",0.345,0.17800000000000002,0.475,"56,477","29,139","77,758",Service,0.3,0.6878881987577639,0.6830427892234548,0.30403800475059384,0.3368592351505289,Tropical wet and dry or savanna,Tropical,D,F
121,122,Mauritania,4.49,0.57,1.167,0.489,0.066,0.106,0.088,157.0,0.577,191.0,Mauritania,4.0,F,BWH,"17,280",0.278,0.293,0.429,"4,804","5,063","7,413",Service,0.3,0.4642857142857142,0.10459587955625992,0.338479809976247,0.33299430431244914,Subtropical desert,Arid,F,F
122,123,Mozambique,4.466,0.204,0.986,0.39,0.494,0.197,0.138,111.0,0.673,92.0,Mozambique,3.0,D,AW,"37,090",0.239,0.193,0.568,"8,865","7,158","21,067",Service,0.2,0.6133540372670807,0.7828843106180665,0.12114014251781473,0.3281122864117168,Tropical wet and dry or savanna,Tropical,D,F
123,124,Tunisia,4.461,0.921,1.0,0.815,0.167,0.059,0.055,117.0,0.659,181.0,Tunisia,4.0,F,BWH,"137,700",0.10099999999999999,0.262,0.638,"13,908","36,077","87,853",Service,0.3,0.5916149068322981,0.26465927099841524,0.5469121140142518,0.3270951993490643,Subtropical desert,Arid,F,F
124,125,Bangladesh,4.456,0.562,0.928,0.723,0.527,0.166,0.143,152.0,0.594,140.0,Bangladesh,4.0,F,AW,"690,300",0.142,0.293,0.565,"98,023","202,258","390,020",Service,0.3,0.4906832298136645,0.8351822503961965,0.33372921615201906,0.32607811228641176,Tropical wet and dry or savanna,Tropical,F,F
125,126,Iraq,4.437,1.043,0.98,0.574,0.241,0.148,0.089,166.0,0.516,146.0,Iraq,4.0,F,BWH,"649,300",0.033,0.51,0.45799999999999996,"21,427","331,143","297,379",Industrial,0.3,0.3695652173913043,0.3819334389857369,0.6193586698337292,0.32221318144833194,Subtropical desert,Arid,F,F
126,127,Congo,4.418,0.094,1.125,0.357,0.269,0.212,0.053,155.0,0.582,,,,,AM,"68,600",0.19699999999999998,0.436,0.36700000000000005,"13,514","29,910","25,176",Industrial,,0.4720496894409937,0.4263074484944533,0.05581947743467934,0.3183482506102522,Tropical monsoon,Tropical,F,F
127,127,Congo,4.418,0.094,1.125,0.357,0.269,0.212,0.053,155.0,0.582,,,,,AM,"29,390",0.09300000000000001,0.51,0.397,"2,733","14,989","11,668",Industrial,,0.4720496894409937,0.4263074484944533,0.05581947743467934,0.3183482506102522,Tropical monsoon,Tropical,F,F
128,128,Mali,4.39,0.385,1.105,0.308,0.327,0.153,0.052,143.0,0.61,121.0,Mali,5.0,D,BWH,"41,220",0.418,0.18100000000000002,0.405,"17,230","7,461","16,694",Agricultural,0.4,0.515527950310559,0.5182250396196514,0.22862232779097388,0.31265256305939776,Subtropical desert,Arid,F,F
129,129,Sierra Leone,4.374,0.268,0.841,0.242,0.309,0.252,0.045,161.0,0.563,169.0,Sierra Leone,4.0,F,AM,"11,550",0.607,0.065,0.32899999999999996,"7,011",751,"3,800",Agricultural,0.3,0.44254658385093154,0.4896988906497623,0.15914489311163896,0.30939788445890953,Tropical monsoon,Tropical,F,F
130,130,Sri Lanka,4.366,0.949,1.265,0.831,0.47,0.244,0.047,105.0,0.697,150.0,Sri Lanka,4.0,F,AF,"275,800",0.078,0.305,0.617,"21,512","84,119","170,169",Service,0.3,0.6506211180124223,0.7448494453248811,0.5635391923990499,0.3077705451586654,Tropical rainforest,Tropical,D,F
131,131,Myanmar,4.36,0.71,1.181,0.555,0.525,0.566,0.172,134.0,0.629,168.0,Myanmar,4.0,F,AW,"329,800",0.24100000000000002,0.35600000000000004,0.40299999999999997,"79,482","117,409","132,909",Service,0.3,0.5450310559006211,0.8320126782884311,0.42161520190023755,0.3065500406834825,Tropical wet and dry or savanna,Tropical,F,F
132,132,Chad,4.35,0.35,0.766,0.192,0.174,0.198,0.078,163.0,0.547,149.0,Chad,4.0,F,CFA,"28,620",0.523,0.147,0.331,"14,968","4,207","9,473",Agricultural,0.3,0.4177018633540373,0.2757527733755943,0.20783847980997625,0.30451586655817725,"Humid subtropical, no dry season",Temperate,F,F
133,133,Ukraine,4.332,0.82,1.39,0.739,0.178,0.187,0.01,66.0,0.748,55.0,Ukraine,2.0,C,DFB,"369,600",0.122,0.28600000000000003,0.6,"45,091","105,706","221,760",Service,0.1,0.7298136645962733,0.2820919175911252,0.48693586698337293,0.30085435313262804,"Humid continental, no dry season, warm summer",Cold,C,F
134,134,Ethiopia,4.286,0.336,1.033,0.532,0.344,0.209,0.1,113.0,0.668,177.0,Ethiopia,4.0,F,BSH,"200,600",0.348,0.21600000000000003,0.436,"69,809","43,330","87,462",Service,0.3,0.6055900621118012,0.5451664025356576,0.19952494061757722,0.2914971521562244,Subtropical steppe,Arid,D,F
135,135,Swaziland,4.212,0.811,1.149,0.0,0.313,0.074,0.135,,,,,,,,,,,,,,,,,,0.4960380348652932,0.48159144893111644,0.2764442636289665,,,F,F
136,136,Uganda,4.189,0.332,1.069,0.443,0.356,0.252,0.06,109.0,0.685,176.0,Uganda,4.0,F,AM,"89,190",0.282,0.21100000000000002,0.507,"25,152","18,819","45,219",Service,0.3,0.6319875776397516,0.5641838351822503,0.1971496437054632,0.2717656631407648,Tropical monsoon,Tropical,D,F
137,137,Egypt,4.166,0.913,1.039,0.644,0.241,0.076,0.067,136.0,0.627,182.0,Egypt,4.0,F,BWH,"1,204,000",0.11699999999999999,0.34299999999999997,0.54,"140,868","412,972","650,160",Service,0.3,0.5419254658385093,0.3819334389857369,0.5421615201900238,0.2670870626525631,Subtropical desert,Arid,F,F
138,138,Zambia,4.107,0.578,1.058,0.426,0.431,0.247,0.087,116.0,0.661,173.0,Zambia,4.0,F,CWA,"68,930",0.075,0.353,0.57,"5,170","24,332","39,290",Service,0.3,0.59472049689441,0.6830427892234548,0.34323040380047504,0.2550854353132628,"Humid subtropical, dry winter",Temperate,F,F
139,139,Togo,4.085,0.275,0.572,0.41,0.293,0.177,0.085,120.0,0.655,155.0,Togo,4.0,F,CFA,"12,970",0.28800000000000003,0.218,0.498,"3,735","2,827","6,459",Service,0.3,0.5854037267080745,0.4643423137876386,0.1633016627078385,0.2506102522375915,"Humid subtropical, no dry season",Temperate,F,F
140,140,India,4.015,0.755,0.765,0.588,0.498,0.2,0.085,148.0,0.597,51.0,India,2.0,C,AW,"9,474,000",0.154,0.23,0.616,"1,458,996","2,179,020","5,826,510",Service,0.1,0.4953416149068322,0.7892234548335975,0.4483372921615202,0.23637103336045553,Tropical wet and dry or savanna,Tropical,F,F
141,141,Liberia,3.975,0.073,0.922,0.443,0.37,0.233,0.033,152.0,0.594,153.0,Liberia,4.0,F,AM,"6,112",0.34,0.138,0.522,"2,078",843,"3,190",Service,0.3,0.4906832298136645,0.5863708399366085,0.04334916864608076,0.2282343368592351,Tropical monsoon,Tropical,F,F
142,142,Comoros,3.973,0.274,0.757,0.505,0.142,0.275,0.078,135.0,0.628,156.0,Comoros,4.0,F,AF,"1,319",0.47700000000000004,0.11800000000000001,0.405,629,156,534,Agricultural,0.3,0.5434782608695652,0.22503961965134706,0.16270783847981,0.22782750203417404,Tropical rainforest,Tropical,F,F
143,143,Madagascar,3.933,0.274,0.916,0.555,0.148,0.169,0.041,156.0,0.578,113.0,Madagascar,5.0,D,CWB,"39,850",0.24,0.195,0.564,"9,564","7,771","22,475",Service,0.4,0.46583850931677007,0.23454833597464342,0.16270783847981,0.21969080553295353,Temperate highland tropical climate with dry winters,Temperate,F,F
144,144,Lesotho,3.802,0.489,1.169,0.168,0.359,0.107,0.093,124.0,0.65,82.0,Lesotho,3.0,D,CWB,"6,656",0.057999999999999996,0.392,0.5489999999999999,386,"2,609","3,654",Service,0.2,0.577639751552795,0.5689381933438985,0.29038004750593827,0.1930431244914564,Temperate highland tropical climate with dry winters,Temperate,F,F
145,145,Burundi,3.775,0.046,0.447,0.38,0.22,0.176,0.18,130.0,0.635,142.0,Burundi,4.0,F,CWB,"8,007",0.395,0.16399999999999998,0.442,"3,163","1,313","3,539",Service,0.3,0.5543478260869564,0.34865293185419965,0.027315914489311165,0.18755085435313257,Temperate highland tropical climate with dry winters,Temperate,F,F
146,146,Zimbabwe,3.663,0.366,1.114,0.433,0.361,0.151,0.089,85.0,0.727,154.0,Zimbabwe,4.0,F,BSH,"34,270",0.12,0.222,0.6579999999999999,"4,112","7,608","22,550",Service,0.3,0.6972049689440993,0.572107765451664,0.2173396674584323,0.16476810414971513,Subtropical steppe,Arid,D,F
147,147,Haiti,3.597,0.323,0.688,0.449,0.026,0.419,0.11,142.0,0.611,84.0,Haiti,3.0,D,AW,"19,970",0.221,0.203,0.5760000000000001,"4,413","4,054","11,503",Service,0.2,0.5170807453416149,0.041204437400950866,0.19180522565320665,0.15134255492270132,Tropical wet and dry or savanna,Tropical,F,F
148,148,Botswana,3.488,1.041,1.145,0.538,0.455,0.025,0.1,118.0,0.657,71.0,Botswana,,D,BSH,"39,010",0.018000000000000002,0.275,0.706,702,"10,728","27,541",Service,,0.5885093167701864,0.7210776545166403,0.6181710213776722,0.12917005695687545,Subtropical steppe,Arid,F,F
149,149,Syria,3.462,0.619,0.378,0.44,0.013,0.331,0.141,169.0,0.375,,,,,BWH,,,,,,,,,,0.1506211180124223,0.020602218700475433,0.3675771971496437,0.12388120423108216,Subtropical desert,Arid,F,F
150,150,Malawi,3.41,0.191,0.56,0.495,0.443,0.218,0.089,128.0,0.644,199.0,Malawi,4.0,F,AW,"22,420",0.28600000000000003,0.154,0.56,"6,412","3,453","12,555",Service,0.3,0.5683229813664596,0.7020602218700476,0.11342042755344418,0.1133034987794955,Tropical wet and dry or savanna,Tropical,F,F
151,151,Yemen,3.38,0.287,1.163,0.463,0.143,0.108,0.077,168.0,0.388,,,,,BWH,"73,630",0.203,0.11800000000000001,0.679,"14,947","8,688","49,995",Service,,0.17080745341614903,0.22662440570522976,0.1704275534441805,0.10720097640358008,Subtropical desert,Arid,F,F
152,152,Rwanda,3.334,0.359,0.711,0.614,0.555,0.217,0.411,66.0,0.748,147.0,Rwanda,4.0,F,CFB,"24,680",0.309,0.17600000000000002,0.515,"7,626","4,344","12,710",Service,0.3,0.7298136645962733,0.8795562599049129,0.21318289786223277,0.09784377542717654,,,C,F
153,153,Tanzania,3.231,0.476,0.885,0.499,0.417,0.276,0.147,76.0,0.739,185.0,Tanzania,4.0,F,BSH,"162,500",0.23399999999999999,0.28600000000000003,0.47600000000000003,"38,025","46,475","77,350",Service,0.3,0.7158385093167701,0.6608557844690967,0.2826603325415677,0.07689178193653369,Subtropical steppe,Arid,C,F
154,154,Afghanistan,3.203,0.35,0.517,0.361,0.0,0.158,0.025,170.0,0.278,188.0,Afghanistan,4.0,F,DSB,"69,450",0.23,0.21100000000000002,0.5589999999999999,"15,974","14,654","38,823",Service,0.3,0.0,0.0,0.20783847980997625,0.07119609438567934,"Humid continental, dry warm summer",Cold,F,F
155,155,Central African Republic,3.083,0.026,0.0,0.105,0.225,0.235,0.035,157.0,0.577,141.0,Central African Republic,4.0,F,AW,"3,390",0.43200000000000005,0.16,0.408,"1,464",542,"1,383",Agricultural,0.3,0.4642857142857142,0.35657686212361334,0.015439429928741092,0.046786004882017895,Tropical wet and dry or savanna,Tropical,F,F
156,156,South Sudan,2.853,0.306,0.575,0.295,0.01,0.202,0.091,165.0,0.541,184.0,South Sudan,4.0,F,AW,,,,,,,,,0.3,0.4083850931677019,0.01584786053882726,0.18171021377672208,0.0,Tropical wet and dry or savanna,Tropical,F,F
